movie_companies,movie_info_idx,title#title.id=movie_companies.movie_id,movie_companies.movie_id=movie_info_idx.movie_id#title.kind_id,=,2,movie_info_idx.info_type_id,=,101,title.production_year,=,2011.0,movie_companies.company_type_id,=,1,title.phonetic_code,=,L1642,title.series_years,<=,2011-????#2
movie_companies,movie_info_idx,title#title.id=movie_companies.movie_id,movie_companies.movie_id=movie_info_idx.movie_id#movie_info_idx.info_type_id,=,101,movie_companies.company_type_id,=,1,title.production_year,>=,1980.0#548224
movie_companies,movie_info_idx,title#title.id=movie_companies.movie_id,movie_companies.movie_id=movie_info_idx.movie_id#title.season_nr,=,1.0,title.episode_nr,=,6.0,title.production_year,=,2011.0#1884
movie_companies,movie_info_idx,title#title.id=movie_companies.movie_id,movie_companies.movie_id=movie_info_idx.movie_id#title.kind_id,=,7,title.phonetic_code,<=,D2145,title.season_nr,>=,1.0,title.episode_nr,=,5.0,movie_info_idx.info_type_id,=,100,movie_companies.company_type_id,=,1#1730
movie_companies,movie_info_idx,title#title.id=movie_companies.movie_id,movie_companies.movie_id=movie_info_idx.movie_id#movie_info_idx.info_type_id,=,99,movie_companies.company_type_id,=,1,title.phonetic_code,<=,L3235#394442
movie_companies,movie_keyword,title#title.id=movie_companies.movie_id,movie_companies.movie_id=movie_keyword.movie_id#movie_companies.company_type_id,=,1,title.kind_id,=,1,title.production_year,<=,1938.0#1276024
movie_companies,movie_keyword,title#title.id=movie_companies.movie_id,movie_companies.movie_id=movie_keyword.movie_id#title.kind_id,=,1,title.production_year,<=,1969.0,movie_companies.company_type_id,=,1,movie_keyword.keyword_id,=,845#1301
movie_companies,movie_keyword,title#title.id=movie_companies.movie_id,movie_companies.movie_id=movie_keyword.movie_id#title.production_year,>=,1976.0,movie_companies.company_type_id,=,2,movie_keyword.keyword_id,=,3644#2738
movie_companies,movie_keyword,title#title.id=movie_companies.movie_id,movie_companies.movie_id=movie_keyword.movie_id#title.kind_id,=,1,movie_companies.company_type_id,=,1,movie_keyword.keyword_id,=,7774,title.production_year,=,1968.0#3
movie_companies,movie_keyword,title#title.id=movie_companies.movie_id,movie_companies.movie_id=movie_keyword.movie_id#title.production_year,>=,2005.0,movie_keyword.keyword_id,=,56,title.kind_id,=,1,movie_companies.company_type_id,=,2,title.phonetic_code,=,E3632#1
movie_info,movie_keyword,title#title.id=movie_info.movie_id,movie_info.movie_id=movie_keyword.movie_id#title.kind_id,=,1,title.production_year,=,1951.0,title.phonetic_code,>=,T5216#107815
movie_info,movie_keyword,title#title.id=movie_info.movie_id,movie_info.movie_id=movie_keyword.movie_id#movie_info.info_type_id,=,5,title.kind_id,=,1,title.production_year,=,1999.0,title.phonetic_code,<=,R52,movie_keyword.keyword_id,=,3244#272
movie_info,movie_keyword,title#title.id=movie_info.movie_id,movie_info.movie_id=movie_keyword.movie_id#movie_info.info_type_id,=,4,title.production_year,=,1992.0,title.kind_id,=,1,movie_keyword.keyword_id,=,4629#40
movie_info,movie_keyword,title#title.id=movie_info.movie_id,movie_info.movie_id=movie_keyword.movie_id#title.production_year,<=,1996.0,movie_info.info_type_id,=,15,title.kind_id,=,1,title.phonetic_code,=,S163#935
movie_info,movie_keyword,title#title.id=movie_info.movie_id,movie_info.movie_id=movie_keyword.movie_id#title.kind_id,=,1,movie_keyword.keyword_id,=,73,title.production_year,>=,1998.0#95445
movie_info_idx,movie_keyword,title#title.id=movie_info_idx.movie_id,movie_info_idx.movie_id=movie_keyword.movie_id#movie_keyword.keyword_id,=,14995,title.production_year,=,1924.0,title.phonetic_code,>=,N1452#3
movie_info_idx,movie_keyword,title#title.id=movie_info_idx.movie_id,movie_info_idx.movie_id=movie_keyword.movie_id#title.production_year,>=,2000.0,title.series_years,<=,2000-2005,title.kind_id,=,2#12999
movie_info_idx,movie_keyword,title#title.id=movie_info_idx.movie_id,movie_info_idx.movie_id=movie_keyword.movie_id#title.kind_id,=,1,title.phonetic_code,<=,J5241,title.production_year,<=,1950.0#546609
movie_info_idx,movie_keyword,title#title.id=movie_info_idx.movie_id,movie_info_idx.movie_id=movie_keyword.movie_id#title.production_year,>=,2010.0,title.phonetic_code,>=,F4231,title.kind_id,=,1,movie_info_idx.info_type_id,=,100#129496
movie_info_idx,movie_keyword,title#title.id=movie_info_idx.movie_id,movie_info_idx.movie_id=movie_keyword.movie_id#title.kind_id,=,1,title.phonetic_code,=,S3123,movie_keyword.keyword_id,=,31070,movie_info_idx.info_type_id,=,101#1
movie_companies,movie_info,title#title.id=movie_info.movie_id,movie_info.movie_id=movie_companies.movie_id#title.phonetic_code,<=,S265,title.production_year,<=,2000.0,movie_companies.company_type_id,=,1,movie_info.info_type_id,=,13,title.kind_id,=,1#1080273
movie_companies,movie_info,title#title.id=movie_info.movie_id,movie_info.movie_id=movie_companies.movie_id#title.kind_id,=,7,title.phonetic_code,=,S4264,movie_companies.company_type_id,=,2,title.episode_nr,=,14.0,title.production_year,=,2010.0,title.season_nr,=,6.0#42
movie_companies,movie_info,title#title.id=movie_info.movie_id,movie_info.movie_id=movie_companies.movie_id#title.kind_id,=,1,title.production_year,<=,1990.0,movie_companies.company_type_id,=,2#4655758
movie_companies,movie_info,title#title.id=movie_info.movie_id,movie_info.movie_id=movie_companies.movie_id#movie_info.info_type_id,=,13,movie_companies.company_type_id,=,1,title.kind_id,=,1,title.phonetic_code,<=,I5253#1083489
movie_companies,movie_info,title#title.id=movie_info.movie_id,movie_info.movie_id=movie_companies.movie_id#movie_companies.company_type_id,=,1,title.phonetic_code,<=,R235,movie_info.info_type_id,=,17#2391633
cast_info,movie_keyword,title#title.id=movie_keyword.movie_id,movie_keyword.movie_id=cast_info.movie_id#title.phonetic_code,>=,C163,title.production_year,<=,2005.0,title.kind_id,=,1#98867719
cast_info,movie_keyword,title#title.id=movie_keyword.movie_id,movie_keyword.movie_id=cast_info.movie_id#title.kind_id,=,1,title.production_year,=,1987.0,movie_keyword.keyword_id,=,9411#105
cast_info,movie_keyword,title#title.id=movie_keyword.movie_id,movie_keyword.movie_id=cast_info.movie_id#title.production_year,<=,1939.0,cast_info.nr_order,>=,2.0,title.phonetic_code,<=,R525#1985928
cast_info,movie_keyword,title#title.id=movie_keyword.movie_id,movie_keyword.movie_id=cast_info.movie_id#movie_keyword.keyword_id,=,27440,title.kind_id,=,1,title.phonetic_code,=,L6521#106
cast_info,movie_keyword,title#title.id=movie_keyword.movie_id,movie_keyword.movie_id=cast_info.movie_id#movie_keyword.keyword_id,=,112102,title.kind_id,=,3,cast_info.role_id,=,1#72
cast_info,title#title.id=cast_info.movie_id#cast_info.role_id,=,1,title.production_year,=,2010.0,title.season_nr,>=,4.0,title.kind_id,=,7,title.episode_nr,>=,103.0#11362
cast_info,title#title.id=cast_info.movie_id#title.phonetic_code,=,H5342,title.kind_id,=,7,title.episode_nr,<=,3.0,cast_info.role_id,=,1#136
cast_info,title#title.id=cast_info.movie_id#cast_info.role_id,=,1,title.series_years,<=,2003-????,title.kind_id,=,2,title.production_year,>=,2003.0,title.phonetic_code,=,K6423#6
cast_info,title#title.id=cast_info.movie_id#title.kind_id,=,1,title.phonetic_code,=,T2316,title.production_year,>=,2007.0#294
cast_info,title#title.id=cast_info.movie_id#cast_info.nr_order,<=,8.0,title.season_nr,=,1.0,title.episode_nr,<=,12.0#906493
cast_info,movie_companies,title#title.id=cast_info.movie_id,cast_info.movie_id=movie_companies.movie_id#title.production_year,=,2005.0,cast_info.nr_order,<=,12.0,title.phonetic_code,=,S6241#180
cast_info,movie_companies,title#title.id=cast_info.movie_id,cast_info.movie_id=movie_companies.movie_id#title.phonetic_code,<=,R53,cast_info.role_id,=,2,title.production_year,>=,2005.0#3898338
cast_info,movie_companies,title#title.id=cast_info.movie_id,cast_info.movie_id=movie_companies.movie_id#title.kind_id,=,7,title.season_nr,=,1.0,title.production_year,=,1978.0#58058
cast_info,movie_companies,title#title.id=cast_info.movie_id,cast_info.movie_id=movie_companies.movie_id#title.kind_id,=,7,title.episode_nr,=,6.0,title.phonetic_code,<=,E515#275861
cast_info,movie_companies,title#title.id=cast_info.movie_id,cast_info.movie_id=movie_companies.movie_id#title.kind_id,=,2,title.phonetic_code,<=,A6315,cast_info.role_id,=,3,movie_companies.company_type_id,=,2,title.series_years,=,2011-????,title.production_year,=,2011.0#256
movie_companies,movie_info,movie_info_idx,title#title.id=movie_info.movie_id,movie_info.movie_id=movie_info_idx.movie_id,movie_info_idx.movie_id=movie_companies.movie_id#title.phonetic_code,>=,D2142,movie_info_idx.info_type_id,=,100,movie_info.info_type_id,=,105,movie_companies.company_type_id,=,1,title.production_year,>=,1996.0,title.kind_id,=,1#87297
movie_companies,movie_info,movie_info_idx,title#title.id=movie_info.movie_id,movie_info.movie_id=movie_info_idx.movie_id,movie_info_idx.movie_id=movie_companies.movie_id#movie_info.info_type_id,=,3,movie_info_idx.info_type_id,=,100,movie_companies.company_type_id,=,2,title.production_year,<=,2010.0,title.phonetic_code,=,C6151,title.kind_id,=,1#38
movie_companies,movie_info,movie_info_idx,title#title.id=movie_info.movie_id,movie_info.movie_id=movie_info_idx.movie_id,movie_info_idx.movie_id=movie_companies.movie_id#title.phonetic_code,=,A5232,title.production_year,=,1997.0,movie_info_idx.info_type_id,=,99,movie_companies.company_type_id,=,1,movie_info.info_type_id,=,94#242
movie_companies,movie_info,movie_info_idx,title#title.id=movie_info.movie_id,movie_info.movie_id=movie_info_idx.movie_id,movie_info_idx.movie_id=movie_companies.movie_id#title.kind_id,=,1,title.production_year,<=,2008.0,movie_companies.company_type_id,=,2,title.imdb_index,>=,II,movie_info_idx.info_type_id,=,100#22562
movie_companies,movie_info,movie_info_idx,title#title.id=movie_info.movie_id,movie_info.movie_id=movie_info_idx.movie_id,movie_info_idx.movie_id=movie_companies.movie_id#title.kind_id,=,1,title.production_year,=,1990.0,movie_companies.company_type_id,=,1,movie_info.info_type_id,=,7,title.phonetic_code,>=,T5253#5274
movie_info,movie_info_idx,movie_keyword,title#title.id=movie_info.movie_id,movie_info.movie_id=movie_keyword.movie_id,movie_keyword.movie_id=movie_info_idx.movie_id#movie_info.info_type_id,=,5,title.production_year,=,1974.0,title.kind_id,=,1,title.phonetic_code,=,D32,movie_keyword.keyword_id,=,10201#69
movie_info,movie_info_idx,movie_keyword,title#title.id=movie_info.movie_id,movie_info.movie_id=movie_keyword.movie_id,movie_keyword.movie_id=movie_info_idx.movie_id#title.production_year,=,2007.0,title.phonetic_code,=,S1,movie_keyword.keyword_id,=,27836,movie_info_idx.info_type_id,=,99,title.kind_id,=,1,movie_info.info_type_id,=,15#39
movie_info,movie_info_idx,movie_keyword,title#title.id=movie_info.movie_id,movie_info.movie_id=movie_keyword.movie_id,movie_keyword.movie_id=movie_info_idx.movie_id#title.kind_id,=,1,movie_info.info_type_id,=,6,movie_info_idx.info_type_id,=,99,title.phonetic_code,>=,K2632,movie_keyword.keyword_id,=,57311,title.production_year,>=,1928.0#7
movie_info,movie_info_idx,movie_keyword,title#title.id=movie_info.movie_id,movie_info.movie_id=movie_keyword.movie_id,movie_keyword.movie_id=movie_info_idx.movie_id#movie_info_idx.info_type_id,=,100,title.phonetic_code,<=,H6315,movie_info.info_type_id,=,17,title.production_year,=,1995.0#144189
movie_info,movie_info_idx,movie_keyword,title#title.id=movie_info.movie_id,movie_info.movie_id=movie_keyword.movie_id,movie_keyword.movie_id=movie_info_idx.movie_id#movie_info_idx.info_type_id,=,112,movie_info.info_type_id,=,16,movie_keyword.keyword_id,=,34512,title.kind_id,=,1,title.production_year,>=,2010.0,title.phonetic_code,>=,S3624#72
movie_companies,movie_info,movie_keyword,title#title.id=movie_info.movie_id,movie_info.movie_id=movie_keyword.movie_id,movie_keyword.movie_id=movie_companies.movie_id#title.kind_id,=,1,movie_companies.company_type_id,=,1,title.phonetic_code,>=,S3613,title.production_year,<=,1953.0#44283896
movie_companies,movie_info,movie_keyword,title#title.id=movie_info.movie_id,movie_info.movie_id=movie_keyword.movie_id,movie_keyword.movie_id=movie_companies.movie_id#title.phonetic_code,>=,B3651,movie_keyword.keyword_id,=,29402,movie_info.info_type_id,=,16,title.production_year,>=,2008.0,movie_companies.company_type_id,=,1#6190
movie_companies,movie_info,movie_keyword,title#title.id=movie_info.movie_id,movie_info.movie_id=movie_keyword.movie_id,movie_keyword.movie_id=movie_companies.movie_id#movie_companies.company_type_id,=,1,movie_keyword.keyword_id,=,5489,title.phonetic_code,>=,F1345,title.kind_id,=,1,movie_info.info_type_id,=,13#32691
movie_companies,movie_info,movie_keyword,title#title.id=movie_info.movie_id,movie_info.movie_id=movie_keyword.movie_id,movie_keyword.movie_id=movie_companies.movie_id#title.production_year,>=,2008.0,movie_keyword.keyword_id,=,12084,movie_companies.company_type_id,=,2#683
movie_companies,movie_info,movie_keyword,title#title.id=movie_info.movie_id,movie_info.movie_id=movie_keyword.movie_id,movie_keyword.movie_id=movie_companies.movie_id#movie_companies.company_type_id,=,1,title.kind_id,=,1,movie_keyword.keyword_id,=,21180#72719
cast_info,movie_companies,movie_keyword,title#title.id=cast_info.movie_id,cast_info.movie_id=movie_keyword.movie_id,movie_keyword.movie_id=movie_companies.movie_id#title.phonetic_code,<=,N5235,movie_keyword.keyword_id,=,39974,movie_companies.company_type_id,=,1,title.production_year,>=,1994.0,title.kind_id,=,1#52225
cast_info,movie_companies,movie_keyword,title#title.id=cast_info.movie_id,cast_info.movie_id=movie_keyword.movie_id,movie_keyword.movie_id=movie_companies.movie_id#title.phonetic_code,>=,S3651,cast_info.role_id,=,1,title.kind_id,=,1,movie_companies.company_type_id,=,1,movie_keyword.keyword_id,=,1697,title.production_year,<=,2006.0#59267
cast_info,movie_companies,movie_keyword,title#title.id=cast_info.movie_id,cast_info.movie_id=movie_keyword.movie_id,movie_keyword.movie_id=movie_companies.movie_id#title.phonetic_code,=,D32,title.kind_id,=,1,cast_info.nr_order,=,39.0,cast_info.role_id,=,1#9268
cast_info,movie_companies,movie_keyword,title#title.id=cast_info.movie_id,cast_info.movie_id=movie_keyword.movie_id,movie_keyword.movie_id=movie_companies.movie_id#cast_info.role_id,=,1,movie_companies.company_type_id,=,1,movie_keyword.keyword_id,=,1398,title.production_year,<=,2010.0#347298
cast_info,movie_companies,movie_keyword,title#title.id=cast_info.movie_id,cast_info.movie_id=movie_keyword.movie_id,movie_keyword.movie_id=movie_companies.movie_id#cast_info.role_id,=,1,movie_companies.company_type_id,=,1,title.kind_id,=,1,title.production_year,=,2007.0,title.phonetic_code,=,T5#571892
cast_info,movie_info,movie_info_idx,title#title.id=movie_info.movie_id,movie_info.movie_id=movie_info_idx.movie_id,movie_info_idx.movie_id=cast_info.movie_id#title.kind_id,=,1,movie_info_idx.info_type_id,=,101,title.production_year,>=,2000.0,movie_info.info_type_id,=,16,cast_info.role_id,=,3,title.phonetic_code,<=,R5163#1697678
cast_info,movie_info,movie_info_idx,title#title.id=movie_info.movie_id,movie_info.movie_id=movie_info_idx.movie_id,movie_info_idx.movie_id=cast_info.movie_id#movie_info_idx.info_type_id,=,101,movie_info.info_type_id,=,107,cast_info.role_id,=,10,title.kind_id,=,1,title.production_year,<=,1998.0#1182048
cast_info,movie_info,movie_info_idx,title#title.id=movie_info.movie_id,movie_info.movie_id=movie_info_idx.movie_id,movie_info_idx.movie_id=cast_info.movie_id#cast_info.role_id,=,1,movie_info.info_type_id,=,5,title.kind_id,=,1,title.phonetic_code,<=,A2623,movie_info_idx.info_type_id,=,101,title.production_year,=,2007.0#9885
cast_info,movie_info,movie_info_idx,title#title.id=movie_info.movie_id,movie_info.movie_id=movie_info_idx.movie_id,movie_info_idx.movie_id=cast_info.movie_id#title.kind_id,=,1,title.imdb_index,<=,II,movie_info_idx.info_type_id,=,99,title.phonetic_code,<=,D2163,cast_info.role_id,=,1,movie_info.info_type_id,=,96#660
cast_info,movie_info,movie_info_idx,title#title.id=movie_info.movie_id,movie_info.movie_id=movie_info_idx.movie_id,movie_info_idx.movie_id=cast_info.movie_id#movie_info_idx.info_type_id,=,100,cast_info.role_id,=,1,title.production_year,>=,2007.0,title.season_nr,<=,13.0#4066448
cast_info,movie_companies,movie_info,title#title.id=movie_info.movie_id,movie_info.movie_id=movie_companies.movie_id,movie_companies.movie_id=cast_info.movie_id#cast_info.role_id,=,4,title.production_year,>=,2010.0,title.phonetic_code,>=,C1653,movie_companies.company_type_id,=,2,title.kind_id,=,1#3364916
cast_info,movie_companies,movie_info,title#title.id=movie_info.movie_id,movie_info.movie_id=movie_companies.movie_id,movie_companies.movie_id=cast_info.movie_id#cast_info.role_id,=,10,title.production_year,>=,2010.0,movie_info.info_type_id,=,7,movie_companies.company_type_id,=,1#17394207
cast_info,movie_companies,movie_info,title#title.id=movie_info.movie_id,movie_info.movie_id=movie_companies.movie_id,movie_companies.movie_id=cast_info.movie_id#movie_companies.company_type_id,=,1,movie_info.info_type_id,=,107,title.production_year,>=,2004.0,title.phonetic_code,>=,S,cast_info.role_id,=,10,title.kind_id,=,1#23833662
cast_info,movie_companies,movie_info,title#title.id=movie_info.movie_id,movie_info.movie_id=movie_companies.movie_id,movie_companies.movie_id=cast_info.movie_id#title.phonetic_code,<=,R5243,movie_info.info_type_id,=,5,movie_companies.company_type_id,=,1,cast_info.role_id,=,10,title.kind_id,=,1#113953517
cast_info,movie_companies,movie_info,title#title.id=movie_info.movie_id,movie_info.movie_id=movie_companies.movie_id,movie_companies.movie_id=cast_info.movie_id#title.phonetic_code,<=,Z5135,cast_info.role_id,=,10,movie_companies.company_type_id,=,2,title.kind_id,=,1#314305302
movie_companies,movie_info,movie_info_idx,movie_keyword,title#title.id=movie_info.movie_id,movie_info.movie_id=movie_keyword.movie_id,movie_keyword.movie_id=movie_info_idx.movie_id,movie_info_idx.movie_id=movie_companies.movie_id#movie_info.info_type_id,=,16,title.kind_id,=,1,movie_info_idx.info_type_id,=,112,title.phonetic_code,<=,S3621,movie_keyword.keyword_id,=,13812,title.production_year,<=,1980.0#2706
movie_companies,movie_info,movie_info_idx,movie_keyword,title#title.id=movie_info.movie_id,movie_info.movie_id=movie_keyword.movie_id,movie_keyword.movie_id=movie_info_idx.movie_id,movie_info_idx.movie_id=movie_companies.movie_id#title.phonetic_code,=,H35,movie_info_idx.info_type_id,=,101,title.kind_id,=,1,movie_keyword.keyword_id,=,7050#7917
movie_companies,movie_info,movie_info_idx,movie_keyword,title#title.id=movie_info.movie_id,movie_info.movie_id=movie_keyword.movie_id,movie_keyword.movie_id=movie_info_idx.movie_id,movie_info_idx.movie_id=movie_companies.movie_id#movie_keyword.keyword_id,=,2727,movie_companies.company_type_id,=,1,title.phonetic_code,>=,H4123,title.kind_id,=,1,movie_info_idx.info_type_id,=,100,movie_info.info_type_id,=,107#229964
movie_companies,movie_info,movie_info_idx,movie_keyword,title#title.id=movie_info.movie_id,movie_info.movie_id=movie_keyword.movie_id,movie_keyword.movie_id=movie_info_idx.movie_id,movie_info_idx.movie_id=movie_companies.movie_id#movie_companies.company_type_id,=,2,movie_info.info_type_id,=,106,title.kind_id,=,1#146188106
movie_companies,movie_info,movie_info_idx,movie_keyword,title#title.id=movie_info.movie_id,movie_info.movie_id=movie_keyword.movie_id,movie_keyword.movie_id=movie_info_idx.movie_id,movie_info_idx.movie_id=movie_companies.movie_id#title.phonetic_code,>=,D63,movie_info_idx.info_type_id,=,100,title.production_year,>=,1966.0#3236370062
cast_info,movie_companies,movie_info,movie_keyword,title#title.id=movie_info.movie_id,movie_info.movie_id=movie_companies.movie_id,movie_companies.movie_id=cast_info.movie_id,cast_info.movie_id=movie_keyword.movie_id#movie_info.info_type_id,=,46,movie_companies.company_type_id,=,1,title.phonetic_code,=,S52,cast_info.role_id,=,10,title.kind_id,=,1,title.production_year,<=,1998.0#269514
cast_info,movie_companies,movie_info,movie_keyword,title#title.id=movie_info.movie_id,movie_info.movie_id=movie_companies.movie_id,movie_companies.movie_id=cast_info.movie_id,cast_info.movie_id=movie_keyword.movie_id#title.production_year,<=,2006.0,movie_companies.company_type_id,=,2,movie_keyword.keyword_id,=,1382#111753756
cast_info,movie_companies,movie_info,movie_keyword,title#title.id=movie_info.movie_id,movie_info.movie_id=movie_companies.movie_id,movie_companies.movie_id=cast_info.movie_id,cast_info.movie_id=movie_keyword.movie_id#title.phonetic_code,=,S362,title.kind_id,=,1,movie_companies.company_type_id,=,1,title.production_year,>=,1977.0,movie_keyword.keyword_id,=,5952#8279040
cast_info,movie_companies,movie_info,movie_keyword,title#title.id=movie_info.movie_id,movie_info.movie_id=movie_companies.movie_id,movie_companies.movie_id=cast_info.movie_id,cast_info.movie_id=movie_keyword.movie_id#cast_info.role_id,=,1,title.kind_id,=,1,title.phonetic_code,=,A136,title.production_year,=,2004.0,cast_info.nr_order,<=,6.0,movie_keyword.keyword_id,=,1559#106080
cast_info,movie_companies,movie_info,movie_keyword,title#title.id=movie_info.movie_id,movie_info.movie_id=movie_companies.movie_id,movie_companies.movie_id=cast_info.movie_id,cast_info.movie_id=movie_keyword.movie_id#movie_keyword.keyword_id,=,1731,movie_info.info_type_id,=,16,movie_companies.company_type_id,=,1,title.phonetic_code,<=,K4141,cast_info.role_id,=,10,title.kind_id,=,1#6497543
