company_name cn,movie_companies mc,title t,company_type ct,cast_info ci#t.id=mc.movie_id,t.id=ci.movie_id,mc.movie_id=ci.movie_id,mc.company_id=cn.id,mc.company_type_id=ct.id#cn.country_code,=,'[ru]',t.production_year,>,2005,ci.note,LIKE,'%(voice)%',ci.note,LIKE,'%(uncredited)%'#151
company_name cn,movie_companies mc,title t,company_type ct,cast_info ci#t.id=mc.movie_id,t.id=ci.movie_id,mc.movie_id=ci.movie_id,mc.company_id=cn.id,mc.company_type_id=ct.id#cn.country_code,=,'[ru]',t.production_year,>,2010,ci.note,LIKE,'%(producer)%'#2614
company_name cn,movie_companies mc,title t,company_type ct,cast_info ci#t.id=mc.movie_id,t.id=ci.movie_id,mc.movie_id=ci.movie_id,mc.company_id=cn.id,mc.company_type_id=ct.id#cn.country_code,=,'[us]',t.production_year,>,1990,ci.note,LIKE,'%(producer)%'#782104
company_name cn,movie_link ml,movie_companies mc,title t,movie_keyword mk,company_type ct,keyword k,link_type lt#lt.id=ml.link_type_id,ml.movie_id=t.id,ml.movie_id=mk.movie_id,ml.movie_id=mc.movie_id,t.id=mk.movie_id,t.id=mc.movie_id,mk.keyword_id=k.id,mk.movie_id=mc.movie_id,mc.company_type_id=ct.id,mc.company_id=cn.id#cn.country_code,!=,'[pl]',mc.note,IS_NULL,None,t.production_year,>=,1950,t.production_year,<=,2000,ct.kind,=,'production companies',k.keyword,=,'sequel',lt.link,LIKE,'%follow%'#565
company_name cn,movie_link ml,movie_companies mc,title t,movie_keyword mk,company_type ct,keyword k,link_type lt#lt.id=ml.link_type_id,ml.movie_id=t.id,ml.movie_id=mk.movie_id,ml.movie_id=mc.movie_id,t.id=mk.movie_id,t.id=mc.movie_id,mk.keyword_id=k.id,mk.movie_id=mc.movie_id,mc.company_type_id=ct.id,mc.company_id=cn.id#cn.country_code,!=,'[pl]',mc.note,IS_NULL,None,t.production_year,=,1998,t.title,LIKE,'%Money%',ct.kind,=,'production companies',k.keyword,=,'sequel',lt.link,LIKE,'%follows%'#14
company_name cn,movie_link ml,movie_companies mc,title t,movie_keyword mk,company_type ct,keyword k,link_type lt#lt.id=ml.link_type_id,ml.movie_id=t.id,ml.movie_id=mk.movie_id,ml.movie_id=mc.movie_id,t.id=mk.movie_id,t.id=mc.movie_id,mk.keyword_id=k.id,mk.movie_id=mc.movie_id,mc.company_type_id=ct.id,mc.company_id=cn.id#cn.country_code,!=,'[pl]',mc.note,IS_NOT_NULL,None,t.production_year,>,1950,ct.kind,!=,'production companies',ct.kind,IS_NOT_NULL,None,k.keyword,IN,"('sequel','revenge','based-on-novel')"#14899
company_name cn,movie_link ml,movie_companies mc,title t,movie_keyword mk,company_type ct,keyword k,link_type lt#lt.id=ml.link_type_id,ml.movie_id=t.id,ml.movie_id=mk.movie_id,ml.movie_id=mc.movie_id,t.id=mk.movie_id,t.id=mc.movie_id,mk.keyword_id=k.id,mk.movie_id=mc.movie_id,mc.company_type_id=ct.id,mc.company_id=cn.id#cn.country_code,!=,'[pl]',mc.note,IS_NOT_NULL,None,t.production_year,>,1950,ct.kind,!=,'production companies',ct.kind,IS_NOT_NULL,None,k.keyword,IN,"('sequel','revenge','based-on-novel')"#14899
company_name cn,movie_companies mc,title t,movie_info_idx mi_idx,movie_info mi,company_type ct#t.id=mi.movie_id,t.id=mi_idx.movie_id,t.id=mc.movie_id,mi.movie_id=mc.movie_id,mi.movie_id=mi_idx.movie_id,mi_idx.movie_id=mc.movie_id,mc.company_type_id=ct.id,mc.company_id=cn.id#cn.country_code,=,'[us]',t.production_year,>=,2005,t.production_year,<=,2008,mi_idx.info,>,'8.0',mi.info,IN,"('Drama','Horror')",ct.kind,=,'production companies'#1428
company_name cn,movie_companies mc,title t,movie_info_idx mi_idx,movie_info mi,company_type ct#t.id=mi.movie_id,t.id=mi_idx.movie_id,t.id=mc.movie_id,mi.movie_id=mc.movie_id,mi.movie_id=mi_idx.movie_id,mi_idx.movie_id=mc.movie_id,mc.company_type_id=ct.id,mc.company_id=cn.id#cn.country_code,=,'[us]',t.production_year,>,2000,ct.kind,IS_NOT_NULL,None#22807119
company_name cn,movie_companies mc,title t,movie_info_idx mi_idx,movie_info mi,company_type ct#t.id=mi.movie_id,t.id=mi_idx.movie_id,t.id=mc.movie_id,mi.movie_id=mc.movie_id,mi.movie_id=mi_idx.movie_id,mi_idx.movie_id=mc.movie_id,mc.company_type_id=ct.id,mc.company_id=cn.id#cn.country_code,=,'[us]',t.production_year,>=,2000,t.production_year,<=,2010,mi_idx.info,>,'7.0',mi.info,IN,"('Drama','Horror','Western','Family')",ct.kind,=,'production companies'#9282
kind_type kt,company_name cn,movie_companies mc,info_type it,title t,movie_info_idx miidx,movie_info mi,company_type ct#mi.movie_id=t.id,mi.movie_id=miidx.movie_id,mi.movie_id=mc.movie_id,t.kind_id=kt.id,t.id=mc.movie_id,t.id=miidx.movie_id,mc.company_id=cn.id,mc.company_type_id=ct.id,mc.movie_id=miidx.movie_id,miidx.info_type_id=it.id#kt.kind,=,'movie',cn.country_code,=,'[de]',it.info,=,'rating',ct.kind,=,'production companies'#516327
kind_type kt,company_name cn,movie_companies mc,info_type it,title t,movie_info_idx miidx,movie_info mi,company_type ct#mi.movie_id=t.id,mi.movie_id=miidx.movie_id,mi.movie_id=mc.movie_id,t.kind_id=kt.id,t.id=mc.movie_id,t.id=miidx.movie_id,mc.company_id=cn.id,mc.company_type_id=ct.id,mc.movie_id=miidx.movie_id,miidx.info_type_id=it.id#kt.kind,=,'movie',cn.country_code,=,'[us]',it.info,=,'rating',t.title,!=,'',ct.kind,=,'production companies'#4316584
kind_type kt,company_name cn,movie_companies mc,info_type it,title t,movie_info_idx miidx,movie_info mi,company_type ct#mi.movie_id=t.id,mi.movie_id=miidx.movie_id,mi.movie_id=mc.movie_id,t.kind_id=kt.id,t.id=mc.movie_id,t.id=miidx.movie_id,mc.company_id=cn.id,mc.company_type_id=ct.id,mc.movie_id=miidx.movie_id,miidx.info_type_id=it.id#kt.kind,=,'movie',cn.country_code,=,'[us]',it.info,=,'rating',t.title,!=,'',ct.kind,=,'production companies'#4316584
kind_type kt,company_name cn,movie_companies mc,info_type it,title t,movie_info_idx miidx,movie_info mi,company_type ct#mi.movie_id=t.id,mi.movie_id=miidx.movie_id,mi.movie_id=mc.movie_id,t.kind_id=kt.id,t.id=mc.movie_id,t.id=miidx.movie_id,mc.company_id=cn.id,mc.company_type_id=ct.id,mc.movie_id=miidx.movie_id,miidx.info_type_id=it.id#kt.kind,=,'movie',cn.country_code,=,'[us]',it.info,=,'rating',ct.kind,=,'production companies'#4316584
kind_type kt,movie_keyword mk,movie_info_idx mi_idx,movie_info mi,title t,keyword k#kt.id=t.kind_id,t.id=mi.movie_id,t.id=mk.movie_id,t.id=mi_idx.movie_id,mi.movie_id=mk.movie_id,mi.movie_id=mi_idx.movie_id,mk.movie_id=mi_idx.movie_id,mk.keyword_id=k.id#kt.kind,=,'movie',mi_idx.info,<,'8.5',mi.info,IN,"('Sweden','Norway','Germany','Denmark','Swedish','Denish','Norwegian','German','USA','American')",t.production_year,>,2010,k.keyword,IN,"('murder','murder-in-title','blood','violence')"#2613
kind_type kt,movie_keyword mk,movie_info_idx mi_idx,movie_info mi,title t,keyword k#kt.id=t.kind_id,t.id=mi.movie_id,t.id=mk.movie_id,t.id=mi_idx.movie_id,mi.movie_id=mk.movie_id,mi.movie_id=mi_idx.movie_id,mk.movie_id=mi_idx.movie_id,mk.keyword_id=k.id#kt.kind,=,'movie',mi_idx.info,>,'6.0',mi.info,IN,"('Sweden','Norway','Germany','Denmark','Swedish','Denish','Norwegian','German','USA','American')",t.production_year,>,2010,k.keyword,IN,"('murder','murder-in-title')"#260
kind_type kt,movie_keyword mk,movie_info_idx mi_idx,movie_info mi,title t,keyword k#kt.id=t.kind_id,t.id=mi.movie_id,t.id=mk.movie_id,t.id=mi_idx.movie_id,mi.movie_id=mk.movie_id,mi.movie_id=mi_idx.movie_id,mk.movie_id=mi_idx.movie_id,mk.keyword_id=k.id#kt.kind,IN,"('movie','episode')",mi_idx.info,<,'8.5',mi.info,IN,"('Sweden','Norway','Germany','Denmark','Swedish','Danish','Norwegian','German','USA','American')",t.production_year,>,2005,k.keyword,IS_NOT_NULL,None,k.keyword,IN,"('murder','murder-in-title','blood','violence')"#14115
company_name cn,movie_companies mc,aka_title at,title t,movie_keyword mk,movie_info mi,company_type ct,keyword k#t.id=at.movie_id,t.id=mi.movie_id,t.id=mk.movie_id,t.id=mc.movie_id,at.movie_id=mk.movie_id,at.movie_id=mi.movie_id,at.movie_id=mc.movie_id,mi.movie_id=mk.movie_id,mi.movie_id=mc.movie_id,mk.movie_id=mc.movie_id,mk.keyword_id=k.id,mc.company_id=cn.id,mc.company_type_id=ct.id#cn.country_code,=,'[us]',mc.note,LIKE,'%(200%)%',mc.note,LIKE,'%(worldwide)%',t.production_year,>,2000,mi.note,LIKE,'%internet%',mi.info,LIKE,'USA:% 200%'#328
company_name cn,movie_companies mc,aka_title at,title t,movie_keyword mk,movie_info mi,company_type ct,keyword k#t.id=at.movie_id,t.id=mi.movie_id,t.id=mk.movie_id,t.id=mc.movie_id,at.movie_id=mk.movie_id,at.movie_id=mi.movie_id,at.movie_id=mc.movie_id,mi.movie_id=mk.movie_id,mi.movie_id=mc.movie_id,mk.movie_id=mc.movie_id,mk.keyword_id=k.id,mc.company_id=cn.id,mc.company_type_id=ct.id#cn.country_code,=,'[us]',cn.name,=,'YouTube',mc.note,LIKE,'%(200%)%',mc.note,LIKE,'%(worldwide)%',t.production_year,>=,2005,t.production_year,<=,2010,mi.note,LIKE,'%internet%',mi.info,LIKE,'USA:% 200%'#37
company_name cn,movie_companies mc,aka_title at,title t,movie_keyword mk,movie_info mi,company_type ct,keyword k#t.id=at.movie_id,t.id=mi.movie_id,t.id=mk.movie_id,t.id=mc.movie_id,at.movie_id=mk.movie_id,at.movie_id=mi.movie_id,at.movie_id=mc.movie_id,mi.movie_id=mk.movie_id,mi.movie_id=mc.movie_id,mk.movie_id=mc.movie_id,mk.keyword_id=k.id,mc.company_id=cn.id,mc.company_type_id=ct.id#cn.country_code,=,'[us]',t.production_year,>,1990,mi.note,LIKE,'%internet%',mi.info,IS_NOT_NULL,None#25736
company_name cn,movie_companies mc,aka_title at,title t,movie_keyword mk,movie_info mi,company_type ct,keyword k#t.id=at.movie_id,t.id=mi.movie_id,t.id=mk.movie_id,t.id=mc.movie_id,at.movie_id=mk.movie_id,at.movie_id=mi.movie_id,at.movie_id=mc.movie_id,mi.movie_id=mk.movie_id,mi.movie_id=mc.movie_id,mk.movie_id=mc.movie_id,mk.keyword_id=k.id,mc.company_id=cn.id,mc.company_type_id=ct.id#cn.country_code,=,'[us]',t.production_year,>,1990,mi.note,LIKE,'%internet%'#25736
company_name cn,movie_companies mc,title t,movie_keyword mk,keyword k,cast_info ci#ci.movie_id=t.id,ci.movie_id=mc.movie_id,ci.movie_id=mk.movie_id,t.id=mk.movie_id,t.id=mc.movie_id,mk.keyword_id=k.id,mk.movie_id=mc.movie_id,mc.company_id=cn.id#cn.country_code,=,'[us]',t.episode_nr,>=,50,t.episode_nr,<,100,k.keyword,=,'character-name-in-title'#323
company_name cn,movie_companies mc,title t,movie_keyword mk,keyword k,cast_info ci#ci.movie_id=t.id,ci.movie_id=mc.movie_id,ci.movie_id=mk.movie_id,t.id=mk.movie_id,t.id=mc.movie_id,mk.keyword_id=k.id,mk.movie_id=mc.movie_id,mc.company_id=cn.id#cn.country_code,=,'[us]',k.keyword,=,'character-name-in-title'#2832555
company_name cn,movie_companies mc,title t,movie_keyword mk,keyword k,cast_info ci#ci.movie_id=t.id,ci.movie_id=mc.movie_id,ci.movie_id=mk.movie_id,t.id=mk.movie_id,t.id=mc.movie_id,mk.keyword_id=k.id,mk.movie_id=mc.movie_id,mc.company_id=cn.id#cn.country_code,=,'[us]',t.episode_nr,<,100,k.keyword,=,'character-name-in-title'#221609
company_name cn,movie_companies mc,title t,movie_keyword mk,keyword k,cast_info ci#ci.movie_id=t.id,ci.movie_id=mc.movie_id,ci.movie_id=mk.movie_id,t.id=mk.movie_id,t.id=mc.movie_id,mk.keyword_id=k.id,mk.movie_id=mc.movie_id,mc.company_id=cn.id#cn.country_code,=,'[us]',t.episode_nr,>=,5,t.episode_nr,<,100,k.keyword,=,'character-name-in-title'#169273
company_name cn,movie_companies mc,title t,movie_keyword mk,keyword k,cast_info ci#ci.movie_id=t.id,ci.movie_id=mc.movie_id,ci.movie_id=mk.movie_id,t.id=mk.movie_id,t.id=mc.movie_id,mk.keyword_id=k.id,mk.movie_id=mc.movie_id,mc.company_id=cn.id#cn.country_code,=,'[us]',k.keyword,=,'character-name-in-title'#2832555
company_name cn,movie_companies mc,title t,movie_keyword mk,keyword k,cast_info ci#ci.movie_id=t.id,ci.movie_id=mc.movie_id,ci.movie_id=mk.movie_id,t.id=mk.movie_id,t.id=mc.movie_id,mk.keyword_id=k.id,mk.movie_id=mc.movie_id,mc.company_id=cn.id#k.keyword,=,'character-name-in-title'#7796926
company_name cn,movie_companies mc,title t,movie_keyword mk,keyword k,cast_info ci#ci.movie_id=t.id,ci.movie_id=mc.movie_id,ci.movie_id=mk.movie_id,t.id=mk.movie_id,t.id=mc.movie_id,mk.keyword_id=k.id,mk.movie_id=mc.movie_id,mc.company_id=cn.id#k.keyword,=,'character-name-in-title'#7796926
company_name cn,movie_companies mc,title t,movie_keyword mk,keyword k,cast_info ci#ci.movie_id=t.id,ci.movie_id=mc.movie_id,ci.movie_id=mk.movie_id,t.id=mk.movie_id,t.id=mc.movie_id,mk.keyword_id=k.id,mk.movie_id=mc.movie_id,mc.company_id=cn.id#k.keyword,=,'character-name-in-title'#7796926
company_name cn,movie_companies mc,title t,movie_keyword mk,keyword k,cast_info ci#ci.movie_id=t.id,ci.movie_id=mc.movie_id,ci.movie_id=mk.movie_id,t.id=mk.movie_id,t.id=mc.movie_id,mk.keyword_id=k.id,mk.movie_id=mc.movie_id,mc.company_id=cn.id#cn.country_code,=,'[us]',k.keyword,=,'character-name-in-title'#2832555
company_name cn,movie_companies mc,title t,movie_keyword mk,keyword k,cast_info ci#ci.movie_id=t.id,ci.movie_id=mc.movie_id,ci.movie_id=mk.movie_id,t.id=mk.movie_id,t.id=mc.movie_id,mk.keyword_id=k.id,mk.movie_id=mc.movie_id,mc.company_id=cn.id#k.keyword,=,'character-name-in-title'#7796926
cast_info ci,title t,movie_info_idx mi_idx,movie_info mi#t.id=mi.movie_id,t.id=mi_idx.movie_id,t.id=ci.movie_id,mi.movie_id=ci.movie_id,mi.movie_id=mi_idx.movie_id,mi_idx.movie_id=ci.movie_id#ci.note,IN,"('(producer)','(executive producer)')"#50136494
cast_info ci,title t,movie_info_idx mi_idx,movie_info mi#t.id=mi.movie_id,t.id=mi_idx.movie_id,t.id=ci.movie_id,mi.movie_id=ci.movie_id,mi.movie_id=mi_idx.movie_id,mi_idx.movie_id=ci.movie_id#ci.note,IN,"('(writer)','(head writer)','(written by)','(story)','(story editor)')",t.production_year,>=,2008,t.production_year,<=,2014,mi_idx.info,>,'8.0',mi.info,IN,"('Horror','Thriller')",mi.note,IS_NULL,None#912
cast_info ci,title t,movie_info_idx mi_idx,movie_info mi#t.id=mi.movie_id,t.id=mi_idx.movie_id,t.id=ci.movie_id,mi.movie_id=ci.movie_id,mi.movie_id=mi_idx.movie_id,mi_idx.movie_id=ci.movie_id#ci.note,IN,"('(writer)','(head writer)','(written by)','(story)','(story editor)')",mi.info,IN,"('Horror','Action','Sci-Fi','Thriller','Crime','War')"#168225
company_name cn,movie_companies mc,title t,movie_info mi,cast_info ci#t.id=mi.movie_id,t.id=mc.movie_id,t.id=ci.movie_id,mi.movie_id=mc.movie_id,mi.movie_id=ci.movie_id,mc.movie_id=ci.movie_id,mc.company_id=cn.id#cn.country_code,=,'[us]',mc.note,IS_NOT_NULL,None,t.production_year,>=,2005,t.production_year,<=,2009,mi.info,IS_NOT_NULL,None,ci.note,IN,"('(voice)','(voice: Japanese version)','(voice) (uncredited)','(voice: English version)')"#6110346
company_name cn,movie_companies mc,title t,movie_info mi,cast_info ci#t.id=mi.movie_id,t.id=mc.movie_id,t.id=ci.movie_id,mi.movie_id=mc.movie_id,mi.movie_id=ci.movie_id,mc.movie_id=ci.movie_id,mc.company_id=cn.id#cn.country_code,=,'[us]',mc.note,LIKE,'%(200%)%',t.production_year,>=,2007,t.production_year,<=,2008,t.title,LIKE,'%Kung%Fu%Panda%',mi.info,IS_NOT_NULL,None,ci.note,=,'(voice)'#29798
company_name cn,movie_companies mc,title t,movie_info mi,cast_info ci#t.id=mi.movie_id,t.id=mc.movie_id,t.id=ci.movie_id,mi.movie_id=mc.movie_id,mi.movie_id=ci.movie_id,mc.movie_id=ci.movie_id,mc.company_id=cn.id#cn.country_code,=,'[us]',t.production_year,>,2000,mi.info,IS_NOT_NULL,None,ci.note,IN,"('(voice)','(voice: Japanese version)','(voice) (uncredited)','(voice: English version)')"#17861719
company_name cn,movie_companies mc,title t,movie_info mi,cast_info ci#t.id=mi.movie_id,t.id=mc.movie_id,t.id=ci.movie_id,mi.movie_id=mc.movie_id,mi.movie_id=ci.movie_id,mc.movie_id=ci.movie_id,mc.company_id=cn.id#cn.country_code,=,'[us]',t.production_year,>,2000,ci.note,IN,"('(voice)','(voice: Japanese version)','(voice) (uncredited)','(voice: English version)')"#17861719
movie_companies mc,info_type it,title t,movie_info_idx mi_idx,company_type ct#ct.id=mc.company_type_id,mc.movie_id=t.id,mc.movie_id=mi_idx.movie_id,t.id=mi_idx.movie_id,mi_idx.info_type_id=it.id#mc.note,NOT_LIKE,'%(as Metro-Goldwyn-Mayer Pictures)%',it.info,=,'top 250 rank',ct.kind,=,'production companies'#391
movie_companies mc,info_type it,title t,movie_info_idx mi_idx,company_type ct#ct.id=mc.company_type_id,mc.movie_id=t.id,mc.movie_id=mi_idx.movie_id,t.id=mi_idx.movie_id,mi_idx.info_type_id=it.id#mc.note,NOT_LIKE,'%(as Metro-Goldwyn-Mayer Pictures)%',it.info,=,'bottom 10 rank',t.production_year,>=,2005,t.production_year,<=,2010,ct.kind,=,'production companies'#3
movie_companies mc,info_type it,title t,movie_info_idx mi_idx,company_type ct#ct.id=mc.company_type_id,mc.movie_id=t.id,mc.movie_id=mi_idx.movie_id,t.id=mi_idx.movie_id,mi_idx.info_type_id=it.id#mc.note,NOT_LIKE,'%(as Metro-Goldwyn-Mayer Pictures)%',it.info,=,'top 250 rank',t.production_year,>,2010,ct.kind,=,'production companies'#33
movie_companies mc,info_type it,title t,movie_info_idx mi_idx,company_type ct#ct.id=mc.company_type_id,mc.movie_id=t.id,mc.movie_id=mi_idx.movie_id,t.id=mi_idx.movie_id,mi_idx.info_type_id=it.id#mc.note,NOT_LIKE,'%(as Metro-Goldwyn-Mayer Pictures)%',it.info,=,'bottom 10 rank',t.production_year,>,2000,ct.kind,=,'production companies'#4
kind_type kt,complete_cast cc,movie_keyword mk,title t,keyword k,comp_cast_type cct1,cast_info ci#kt.id=t.kind_id,t.id=mk.movie_id,t.id=ci.movie_id,t.id=cc.movie_id,mk.movie_id=ci.movie_id,mk.movie_id=cc.movie_id,mk.keyword_id=k.id,ci.movie_id=cc.movie_id,cc.subject_id=cct1.id#kt.kind,=,'movie',t.production_year,>,1950,k.keyword,IN,"('superhero','sequel','second-part','marvel-comics','based-on-comic','tv-special','fight','violence')",cct1.kind,=,'cast'#532809
kind_type kt,complete_cast cc,movie_keyword mk,title t,keyword k,comp_cast_type cct1,cast_info ci#kt.id=t.kind_id,t.id=mk.movie_id,t.id=ci.movie_id,t.id=cc.movie_id,mk.movie_id=ci.movie_id,mk.movie_id=cc.movie_id,mk.keyword_id=k.id,ci.movie_id=cc.movie_id,cc.subject_id=cct1.id#kt.kind,=,'movie',t.production_year,>,2000,k.keyword,IN,"('superhero','sequel','second-part','marvel-comics','based-on-comic','tv-special','fight','violence')",cct1.kind,=,'cast'#222518
kind_type kt,complete_cast cc,movie_keyword mk,title t,keyword k,comp_cast_type cct1,cast_info ci#kt.id=t.kind_id,t.id=mk.movie_id,t.id=ci.movie_id,t.id=cc.movie_id,mk.movie_id=ci.movie_id,mk.movie_id=cc.movie_id,mk.keyword_id=k.id,ci.movie_id=cc.movie_id,cc.subject_id=cct1.id#kt.kind,=,'movie',t.production_year,>,2000,k.keyword,IN,"('superhero','marvel-comics','based-on-comic','tv-special','fight','violence','magnet','web','claw','laser')",cct1.kind,=,'cast'#189844
company_name cn,movie_link ml,movie_companies mc,title t,movie_keyword mk,movie_info mi,company_type ct,keyword k,link_type lt#lt.id=ml.link_type_id,ml.movie_id=t.id,ml.movie_id=mk.movie_id,ml.movie_id=mc.movie_id,ml.movie_id=mi.movie_id,t.id=mk.movie_id,t.id=mc.movie_id,t.id=mi.movie_id,mk.keyword_id=k.id,mk.movie_id=mc.movie_id,mk.movie_id=mi.movie_id,mc.company_type_id=ct.id,mc.company_id=cn.id,mc.movie_id=mi.movie_id#cn.country_code,!=,'[pl]',mc.note,IS_NULL,None,t.production_year,>=,1950,t.production_year,<=,2000,mi.info,IN,"('Sweden','Norway','Germany','Denmark','Swedish','Denish','Norwegian','German')",ct.kind,=,'production companies',k.keyword,=,'sequel',lt.link,LIKE,'%follow%'#2554
company_name cn,movie_link ml,movie_companies mc,title t,movie_keyword mk,movie_info mi,company_type ct,keyword k,link_type lt#lt.id=ml.link_type_id,ml.movie_id=t.id,ml.movie_id=mk.movie_id,ml.movie_id=mc.movie_id,ml.movie_id=mi.movie_id,t.id=mk.movie_id,t.id=mc.movie_id,t.id=mi.movie_id,mk.keyword_id=k.id,mk.movie_id=mc.movie_id,mk.movie_id=mi.movie_id,mc.company_type_id=ct.id,mc.company_id=cn.id,mc.movie_id=mi.movie_id#cn.country_code,!=,'[pl]',mc.note,IS_NULL,None,t.production_year,>=,2000,t.production_year,<=,2010,mi.info,IN,"('Germany','German')",ct.kind,=,'production companies',k.keyword,=,'sequel',lt.link,LIKE,'%follow%'#133
company_name cn,movie_link ml,movie_companies mc,title t,movie_keyword mk,movie_info mi,company_type ct,keyword k,link_type lt#lt.id=ml.link_type_id,ml.movie_id=t.id,ml.movie_id=mk.movie_id,ml.movie_id=mc.movie_id,ml.movie_id=mi.movie_id,t.id=mk.movie_id,t.id=mc.movie_id,t.id=mi.movie_id,mk.keyword_id=k.id,mk.movie_id=mc.movie_id,mk.movie_id=mi.movie_id,mc.company_type_id=ct.id,mc.company_id=cn.id,mc.movie_id=mi.movie_id#cn.country_code,!=,'[pl]',mc.note,IS_NULL,None,t.production_year,>=,1950,t.production_year,<=,2010,mi.info,IN,"('Sweden','Norway','Germany','Denmark','Swedish','Denish','Norwegian','German','English')",ct.kind,=,'production companies',k.keyword,=,'sequel',lt.link,LIKE,'%follow%'#3916
kind_type kt,company_name cn,movie_companies mc,movie_keyword mk,movie_info_idx mi_idx,title t,movie_info mi,company_type ct,keyword k#kt.id=t.kind_id,t.id=mi.movie_id,t.id=mk.movie_id,t.id=mi_idx.movie_id,t.id=mc.movie_id,mi.movie_id=mk.movie_id,mi.movie_id=mi_idx.movie_id,mi.movie_id=mc.movie_id,mk.movie_id=mi_idx.movie_id,mk.movie_id=mc.movie_id,mk.keyword_id=k.id,mi_idx.movie_id=mc.movie_id,mc.company_type_id=ct.id,mc.company_id=cn.id#kt.kind,IN,"('movie','episode')",cn.country_code,!=,'[us]',mc.note,NOT_LIKE,'%(USA)%',mc.note,LIKE,'%(200%)%',mi_idx.info,<,'7.0',t.production_year,>,2008,mi.info,IN,"('Germany','German','USA','American')",k.keyword,IN,"('murder','murder-in-title','blood','violence')"#11574
kind_type kt,company_name cn,movie_companies mc,movie_keyword mk,movie_info_idx mi_idx,title t,movie_info mi,company_type ct,keyword k#kt.id=t.kind_id,t.id=mi.movie_id,t.id=mk.movie_id,t.id=mi_idx.movie_id,t.id=mc.movie_id,mi.movie_id=mk.movie_id,mi.movie_id=mi_idx.movie_id,mi.movie_id=mc.movie_id,mk.movie_id=mi_idx.movie_id,mk.movie_id=mc.movie_id,mk.keyword_id=k.id,mi_idx.movie_id=mc.movie_id,mc.company_type_id=ct.id,mc.company_id=cn.id#kt.kind,IN,"('movie','episode')",cn.country_code,!=,'[us]',mc.note,NOT_LIKE,'%(USA)%',mc.note,LIKE,'%(200%)%',mi_idx.info,<,'7.0',t.production_year,>,2009,mi.info,IN,"('Germany','German','USA','American')",k.keyword,IN,"('murder','murder-in-title','blood','violence')"#101
kind_type kt,company_name cn,movie_companies mc,movie_keyword mk,movie_info_idx mi_idx,title t,movie_info mi,company_type ct,keyword k#kt.id=t.kind_id,t.id=mi.movie_id,t.id=mk.movie_id,t.id=mi_idx.movie_id,t.id=mc.movie_id,mi.movie_id=mk.movie_id,mi.movie_id=mi_idx.movie_id,mi.movie_id=mc.movie_id,mk.movie_id=mi_idx.movie_id,mk.movie_id=mc.movie_id,mk.keyword_id=k.id,mi_idx.movie_id=mc.movie_id,mc.company_type_id=ct.id,mc.company_id=cn.id#kt.kind,IN,"('movie','episode')",cn.country_code,!=,'[us]',mc.note,NOT_LIKE,'%(USA)%',mc.note,LIKE,'%(200%)%',mi_idx.info,<,'8.5',t.production_year,>,2005,mi.info,IN,"('Sweden','Norway','Germany','Denmark','Swedish','Danish','Norwegian','German','USA','American')",k.keyword,IN,"('murder','murder-in-title','blood','violence')"#73611
kind_type kt,company_name cn,movie_companies mc,movie_keyword mk,movie_info_idx mi_idx,title t,movie_info mi,company_type ct,keyword k#kt.id=t.kind_id,t.id=mi.movie_id,t.id=mk.movie_id,t.id=mi_idx.movie_id,t.id=mc.movie_id,mi.movie_id=mk.movie_id,mi.movie_id=mi_idx.movie_id,mi.movie_id=mc.movie_id,mk.movie_id=mi_idx.movie_id,mk.movie_id=mc.movie_id,mk.keyword_id=k.id,mi_idx.movie_id=mc.movie_id,mc.company_type_id=ct.id,mc.company_id=cn.id#kt.kind,IN,"('movie','episode')",cn.country_code,!=,'[us]',mi_idx.info,<,'8.5',t.production_year,>,2005,mi.info,IN,"('Sweden','Norway','Germany','Denmark','Swedish','Danish','Norwegian','German','USA','American')",k.keyword,IN,"('murder','murder-in-title','blood','violence')"#163661
kind_type kt,company_name cn,movie_companies mc,complete_cast cc,movie_keyword mk,title t,movie_info mi,company_type ct,keyword k#kt.id=t.kind_id,t.id=mi.movie_id,t.id=mk.movie_id,t.id=mc.movie_id,t.id=cc.movie_id,mi.movie_id=mk.movie_id,mi.movie_id=mc.movie_id,mi.movie_id=cc.movie_id,mk.movie_id=mc.movie_id,mk.movie_id=cc.movie_id,mk.keyword_id=k.id,mc.movie_id=cc.movie_id,mc.company_id=cn.id,mc.company_type_id=ct.id#kt.kind,IN,"('movie')",cn.country_code,=,'[us]',t.production_year,>,2000,mi.note,LIKE,'%internet%',mi.info,IS_NOT_NULL,None#4006
kind_type kt,company_name cn,movie_companies mc,complete_cast cc,movie_keyword mk,title t,movie_info mi,company_type ct,keyword k#kt.id=t.kind_id,t.id=mi.movie_id,t.id=mk.movie_id,t.id=mc.movie_id,t.id=cc.movie_id,mi.movie_id=mk.movie_id,mi.movie_id=mc.movie_id,mi.movie_id=cc.movie_id,mk.movie_id=mc.movie_id,mk.movie_id=cc.movie_id,mk.keyword_id=k.id,mc.movie_id=cc.movie_id,mc.company_id=cn.id,mc.company_type_id=ct.id#kt.kind,IN,"('movie')",cn.country_code,=,'[us]',t.production_year,>,2000,mi.note,LIKE,'%internet%',mi.info,LIKE,'USA:% 200%',k.keyword,IN,"('nerd','loner','alienation','dignity')"#16
kind_type kt,company_name cn,movie_companies mc,complete_cast cc,movie_keyword mk,title t,movie_info mi,company_type ct,keyword k#kt.id=t.kind_id,t.id=mi.movie_id,t.id=mk.movie_id,t.id=mc.movie_id,t.id=cc.movie_id,mi.movie_id=mk.movie_id,mi.movie_id=mc.movie_id,mi.movie_id=cc.movie_id,mk.movie_id=mc.movie_id,mk.movie_id=cc.movie_id,mk.keyword_id=k.id,mc.movie_id=cc.movie_id,mc.company_id=cn.id,mc.company_type_id=ct.id#kt.kind,IN,"('movie','tv movie','video movie','video game')",cn.country_code,=,'[us]',t.production_year,>,1990,mi.note,LIKE,'%internet%',mi.info,IS_NOT_NULL,None#9038
company_name cn,movie_companies mc,title t,movie_keyword mk,movie_info mi,keyword k,cast_info ci#t.id=mi.movie_id,t.id=mc.movie_id,t.id=ci.movie_id,t.id=mk.movie_id,mi.movie_id=mc.movie_id,mi.movie_id=ci.movie_id,mi.movie_id=mk.movie_id,mc.movie_id=ci.movie_id,mc.movie_id=mk.movie_id,mc.company_id=cn.id,ci.movie_id=mk.movie_id,mk.keyword_id=k.id#cn.country_code,=,'[us]',t.production_year,>,2010,mi.info,IS_NOT_NULL,None,k.keyword,IN,"('hero','martial-arts','hand-to-hand-combat')",ci.note,IN,"('(voice)','(voice: Japanese version)','(voice) (uncredited)','(voice: English version)')"#577010
company_name cn,movie_companies mc,title t,movie_keyword mk,movie_info mi,keyword k,cast_info ci#t.id=mi.movie_id,t.id=mc.movie_id,t.id=ci.movie_id,t.id=mk.movie_id,mi.movie_id=mc.movie_id,mi.movie_id=ci.movie_id,mi.movie_id=mk.movie_id,mc.movie_id=ci.movie_id,mc.movie_id=mk.movie_id,mc.company_id=cn.id,ci.movie_id=mk.movie_id,mk.keyword_id=k.id#cn.country_code,=,'[us]',cn.name,=,'DreamWorks Animation',t.production_year,>,2010,t.title,LIKE,'Kung Fu Panda%',mi.info,IS_NOT_NULL,None,k.keyword,IN,"('hero','martial-arts','hand-to-hand-combat','computer-animated-movie')",ci.note,IN,"('(voice)','(voice: Japanese version)','(voice) (uncredited)','(voice: English version)')"#17054
title t,movie_info_idx mi_idx,movie_info mi,movie_keyword mk,keyword k,cast_info ci#t.id=mi.movie_id,t.id=mi_idx.movie_id,t.id=ci.movie_id,t.id=mk.movie_id,mi.movie_id=ci.movie_id,mi.movie_id=mi_idx.movie_id,mi.movie_id=mk.movie_id,mi_idx.movie_id=ci.movie_id,mi_idx.movie_id=mk.movie_id,ci.movie_id=mk.movie_id,mk.keyword_id=k.id#mi.info,=,'Horror',k.keyword,IN,"('murder','blood','gore','death','female-nudity')",ci.note,IN,"('(writer)','(head writer)','(written by)','(story)','(story editor)')"#23252
title t,movie_info_idx mi_idx,movie_info mi,movie_keyword mk,keyword k,cast_info ci#t.id=mi.movie_id,t.id=mi_idx.movie_id,t.id=ci.movie_id,t.id=mk.movie_id,mi.movie_id=ci.movie_id,mi.movie_id=mi_idx.movie_id,mi.movie_id=mk.movie_id,mi_idx.movie_id=ci.movie_id,mi_idx.movie_id=mk.movie_id,ci.movie_id=mk.movie_id,mk.keyword_id=k.id#t.production_year,>,2010,t.title,LIKE,'Vampire%',mi.info,=,'Horror',k.keyword,IN,"('murder','blood','gore','death','female-nudity')",ci.note,IN,"('(writer)','(head writer)','(written by)','(story)','(story editor)')"#18
title t,movie_info_idx mi_idx,movie_info mi,movie_keyword mk,keyword k,cast_info ci#t.id=mi.movie_id,t.id=mi_idx.movie_id,t.id=ci.movie_id,t.id=mk.movie_id,mi.movie_id=ci.movie_id,mi.movie_id=mi_idx.movie_id,mi.movie_id=mk.movie_id,mi_idx.movie_id=ci.movie_id,mi_idx.movie_id=mk.movie_id,ci.movie_id=mk.movie_id,mk.keyword_id=k.id#mi.info,IN,"('Horror','Action','Sci-Fi','Thriller','Crime','War')",k.keyword,IN,"('murder','violence','blood','gore','death','female-nudity','hospital')",ci.note,IN,"('(writer)','(head writer)','(written by)','(story)','(story editor)')"#140982
kind_type kt,complete_cast cc,movie_keyword mk,movie_info_idx mi_idx,title t,keyword k,comp_cast_type cct1,cast_info ci#kt.id=t.kind_id,t.id=mk.movie_id,t.id=ci.movie_id,t.id=cc.movie_id,t.id=mi_idx.movie_id,mk.movie_id=ci.movie_id,mk.movie_id=cc.movie_id,mk.movie_id=mi_idx.movie_id,mk.keyword_id=k.id,ci.movie_id=cc.movie_id,ci.movie_id=mi_idx.movie_id,cc.movie_id=mi_idx.movie_id,cc.subject_id=cct1.id#kt.kind,=,'movie',mi_idx.info,>,'7.0',t.production_year,>,2000,k.keyword,IN,"('superhero','marvel-comics','based-on-comic','tv-special','fight','violence','magnet','web','claw','laser')",cct1.kind,=,'cast'#87325
kind_type kt,complete_cast cc,movie_keyword mk,movie_info_idx mi_idx,title t,keyword k,comp_cast_type cct1,cast_info ci#kt.id=t.kind_id,t.id=mk.movie_id,t.id=ci.movie_id,t.id=cc.movie_id,t.id=mi_idx.movie_id,mk.movie_id=ci.movie_id,mk.movie_id=cc.movie_id,mk.movie_id=mi_idx.movie_id,mk.keyword_id=k.id,ci.movie_id=cc.movie_id,ci.movie_id=mi_idx.movie_id,cc.movie_id=mi_idx.movie_id,cc.subject_id=cct1.id#kt.kind,=,'movie',mi_idx.info,>,'8.0',t.production_year,>,2005,k.keyword,IN,"('superhero','marvel-comics','based-on-comic','fight')",cct1.kind,=,'cast'#7041
kind_type kt,complete_cast cc,movie_keyword mk,movie_info_idx mi_idx,title t,keyword k,comp_cast_type cct1,cast_info ci#kt.id=t.kind_id,t.id=mk.movie_id,t.id=ci.movie_id,t.id=cc.movie_id,t.id=mi_idx.movie_id,mk.movie_id=ci.movie_id,mk.movie_id=cc.movie_id,mk.movie_id=mi_idx.movie_id,mk.keyword_id=k.id,ci.movie_id=cc.movie_id,ci.movie_id=mi_idx.movie_id,cc.movie_id=mi_idx.movie_id,cc.subject_id=cct1.id#kt.kind,=,'movie',t.production_year,>,2000,k.keyword,IN,"('superhero','marvel-comics','based-on-comic','tv-special','fight','violence','magnet','web','claw','laser')",cct1.kind,=,'cast'#581428
company_name cn,movie_link ml,movie_companies mc,complete_cast cc,movie_keyword mk,title t,movie_info mi,company_type ct,keyword k,comp_cast_type cct1,link_type lt#lt.id=ml.link_type_id,ml.movie_id=t.id,ml.movie_id=mk.movie_id,ml.movie_id=mc.movie_id,ml.movie_id=mi.movie_id,ml.movie_id=cc.movie_id,t.id=mk.movie_id,t.id=mc.movie_id,t.id=mi.movie_id,t.id=cc.movie_id,mk.keyword_id=k.id,mk.movie_id=mc.movie_id,mk.movie_id=mi.movie_id,mk.movie_id=cc.movie_id,mc.company_type_id=ct.id,mc.company_id=cn.id,mc.movie_id=mi.movie_id,mc.movie_id=cc.movie_id,mi.movie_id=cc.movie_id,cc.subject_id=cct1.id#cn.country_code,!=,'[pl]',mc.note,IS_NULL,None,t.production_year,>=,1950,t.production_year,<=,2000,mi.info,IN,"('Sweden','Germany','Swedish','German')",ct.kind,=,'production companies',k.keyword,=,'sequel',cct1.kind,IN,"('cast','crew')",lt.link,LIKE,'%follow%'#1334
company_name cn,movie_link ml,movie_companies mc,complete_cast cc,movie_keyword mk,title t,movie_info mi,company_type ct,keyword k,comp_cast_type cct1,link_type lt#lt.id=ml.link_type_id,ml.movie_id=t.id,ml.movie_id=mk.movie_id,ml.movie_id=mc.movie_id,ml.movie_id=mi.movie_id,ml.movie_id=cc.movie_id,t.id=mk.movie_id,t.id=mc.movie_id,t.id=mi.movie_id,t.id=cc.movie_id,mk.keyword_id=k.id,mk.movie_id=mc.movie_id,mk.movie_id=mi.movie_id,mk.movie_id=cc.movie_id,mc.company_type_id=ct.id,mc.company_id=cn.id,mc.movie_id=mi.movie_id,mc.movie_id=cc.movie_id,mi.movie_id=cc.movie_id,cc.subject_id=cct1.id#cn.country_code,!=,'[pl]',mc.note,IS_NULL,None,t.production_year,=,1998,mi.info,IN,"('Sweden','Germany','Swedish','German')",ct.kind,=,'production companies',k.keyword,=,'sequel',cct1.kind,IN,"('cast','crew')",lt.link,LIKE,'%follow%'#874
company_name cn,movie_link ml,movie_companies mc,complete_cast cc,movie_keyword mk,title t,movie_info mi,company_type ct,keyword k,comp_cast_type cct1,link_type lt#lt.id=ml.link_type_id,ml.movie_id=t.id,ml.movie_id=mk.movie_id,ml.movie_id=mc.movie_id,ml.movie_id=mi.movie_id,ml.movie_id=cc.movie_id,t.id=mk.movie_id,t.id=mc.movie_id,t.id=mi.movie_id,t.id=cc.movie_id,mk.keyword_id=k.id,mk.movie_id=mc.movie_id,mk.movie_id=mi.movie_id,mk.movie_id=cc.movie_id,mc.company_type_id=ct.id,mc.company_id=cn.id,mc.movie_id=mi.movie_id,mc.movie_id=cc.movie_id,mi.movie_id=cc.movie_id,cc.subject_id=cct1.id#cn.country_code,!=,'[pl]',mc.note,IS_NULL,None,t.production_year,>=,1950,t.production_year,<=,2010,mi.info,IN,"('Sweden','Norway','Germany','Denmark','Swedish','Denish','Norwegian','German','English')",ct.kind,=,'production companies',k.keyword,=,'sequel',cct1.kind,=,'cast',lt.link,LIKE,'%follow%'#1520
kind_type kt,company_name cn,movie_companies mc,complete_cast cc,movie_keyword mk,title t,movie_info_idx mi_idx,movie_info mi,company_type ct,keyword k,comp_cast_type cct1#kt.id=t.kind_id,t.id=mi.movie_id,t.id=mk.movie_id,t.id=mi_idx.movie_id,t.id=mc.movie_id,t.id=cc.movie_id,mi.movie_id=mk.movie_id,mi.movie_id=mi_idx.movie_id,mi.movie_id=mc.movie_id,mi.movie_id=cc.movie_id,mk.movie_id=mi_idx.movie_id,mk.movie_id=mc.movie_id,mk.movie_id=cc.movie_id,mk.keyword_id=k.id,mi_idx.movie_id=mc.movie_id,mi_idx.movie_id=cc.movie_id,mc.movie_id=cc.movie_id,mc.company_type_id=ct.id,mc.company_id=cn.id,cc.subject_id=cct1.id#kt.kind,IN,"('movie','episode')",cn.country_code,!=,'[us]',mc.note,NOT_LIKE,'%(USA)%',mc.note,LIKE,'%(200%)%',t.production_year,>,2000,mi_idx.info,<,'8.5',mi.info,IN,"('Sweden','Norway','Germany','Denmark','Swedish','Danish','Norwegian','German','USA','American')",k.keyword,IN,"('murder','murder-in-title','blood','violence')",cct1.kind,=,'crew'#21616
kind_type kt,company_name cn,movie_companies mc,complete_cast cc,movie_keyword mk,title t,movie_info_idx mi_idx,movie_info mi,company_type ct,keyword k,comp_cast_type cct1#kt.id=t.kind_id,t.id=mi.movie_id,t.id=mk.movie_id,t.id=mi_idx.movie_id,t.id=mc.movie_id,t.id=cc.movie_id,mi.movie_id=mk.movie_id,mi.movie_id=mi_idx.movie_id,mi.movie_id=mc.movie_id,mi.movie_id=cc.movie_id,mk.movie_id=mi_idx.movie_id,mk.movie_id=mc.movie_id,mk.movie_id=cc.movie_id,mk.keyword_id=k.id,mi_idx.movie_id=mc.movie_id,mi_idx.movie_id=cc.movie_id,mc.movie_id=cc.movie_id,mc.company_type_id=ct.id,mc.company_id=cn.id,cc.subject_id=cct1.id#kt.kind,IN,"('movie','episode')",cn.country_code,!=,'[us]',mc.note,NOT_LIKE,'%(USA)%',mc.note,LIKE,'%(200%)%',t.production_year,>,2005,mi_idx.info,>,'6.5',mi.info,IN,"('Sweden','Germany','Swedish','German')",k.keyword,IN,"('murder','murder-in-title','blood','violence')",cct1.kind,=,'crew'#451
kind_type kt,company_name cn,movie_companies mc,complete_cast cc,movie_keyword mk,title t,movie_info_idx mi_idx,movie_info mi,company_type ct,keyword k,comp_cast_type cct1#kt.id=t.kind_id,t.id=mi.movie_id,t.id=mk.movie_id,t.id=mi_idx.movie_id,t.id=mc.movie_id,t.id=cc.movie_id,mi.movie_id=mk.movie_id,mi.movie_id=mi_idx.movie_id,mi.movie_id=mc.movie_id,mi.movie_id=cc.movie_id,mk.movie_id=mi_idx.movie_id,mk.movie_id=mc.movie_id,mk.movie_id=cc.movie_id,mk.keyword_id=k.id,mi_idx.movie_id=mc.movie_id,mi_idx.movie_id=cc.movie_id,mc.movie_id=cc.movie_id,mc.company_type_id=ct.id,mc.company_id=cn.id,cc.subject_id=cct1.id#kt.kind,IN,"('movie','episode')",cn.country_code,!=,'[us]',mc.note,NOT_LIKE,'%(USA)%',mc.note,LIKE,'%(200%)%',t.production_year,>,2005,mi_idx.info,<,'8.5',mi.info,IN,"('Sweden','Norway','Germany','Denmark','Swedish','Danish','Norwegian','German','USA','American')",k.keyword,IN,"('murder','murder-in-title','blood','violence')",cct1.kind,=,'cast'#51247
company_name cn,movie_companies mc,complete_cast cc,title t,movie_keyword mk,movie_info mi,keyword k,comp_cast_type cct1,cast_info ci#t.id=mi.movie_id,t.id=mc.movie_id,t.id=ci.movie_id,t.id=mk.movie_id,t.id=cc.movie_id,mi.movie_id=mc.movie_id,mi.movie_id=ci.movie_id,mi.movie_id=mk.movie_id,mi.movie_id=cc.movie_id,mc.movie_id=ci.movie_id,mc.movie_id=mk.movie_id,mc.movie_id=cc.movie_id,mc.company_id=cn.id,ci.movie_id=mk.movie_id,ci.movie_id=cc.movie_id,mk.movie_id=cc.movie_id,mk.keyword_id=k.id,cc.subject_id=cct1.id#cn.country_code,=,'[us]',t.title,=,'Shrek 2',t.production_year,>=,2000,t.production_year,<=,2010,mi.info,IS_NOT_NULL,None,k.keyword,=,'computer-animation',cct1.kind,=,'cast',ci.note,IN,"('(voice)','(voice) (uncredited)','(voice: English version)')"#86830
company_name cn,movie_companies mc,complete_cast cc,title t,movie_keyword mk,movie_info mi,keyword k,comp_cast_type cct1,cast_info ci#t.id=mi.movie_id,t.id=mc.movie_id,t.id=ci.movie_id,t.id=mk.movie_id,t.id=cc.movie_id,mi.movie_id=mc.movie_id,mi.movie_id=ci.movie_id,mi.movie_id=mk.movie_id,mi.movie_id=cc.movie_id,mc.movie_id=ci.movie_id,mc.movie_id=mk.movie_id,mc.movie_id=cc.movie_id,mc.company_id=cn.id,ci.movie_id=mk.movie_id,ci.movie_id=cc.movie_id,mk.movie_id=cc.movie_id,mk.keyword_id=k.id,cc.subject_id=cct1.id#cn.country_code,=,'[us]',t.title,=,'Shrek 2',t.production_year,>=,2000,t.production_year,<=,2005,mi.info,LIKE,'USA:%200%',k.keyword,=,'computer-animation',cct1.kind,=,'cast',ci.note,IN,"('(voice)','(voice) (uncredited)','(voice: English version)')"#190
company_name cn,movie_companies mc,complete_cast cc,title t,movie_keyword mk,movie_info mi,keyword k,comp_cast_type cct1,cast_info ci#t.id=mi.movie_id,t.id=mc.movie_id,t.id=ci.movie_id,t.id=mk.movie_id,t.id=cc.movie_id,mi.movie_id=mc.movie_id,mi.movie_id=ci.movie_id,mi.movie_id=mk.movie_id,mi.movie_id=cc.movie_id,mc.movie_id=ci.movie_id,mc.movie_id=mk.movie_id,mc.movie_id=cc.movie_id,mc.company_id=cn.id,ci.movie_id=mk.movie_id,ci.movie_id=cc.movie_id,mk.movie_id=cc.movie_id,mk.keyword_id=k.id,cc.subject_id=cct1.id#cn.country_code,=,'[us]',t.production_year,>=,2000,t.production_year,<=,2010,mi.info,IS_NOT_NULL,None,k.keyword,=,'computer-animation',cct1.kind,=,'cast',ci.note,IN,"('(voice)','(voice: Japanese version)','(voice) (uncredited)','(voice: English version)')"#3090774
company_name cn,movie_companies mc,title t,movie_keyword mk,keyword k#cn.id=mc.company_id,mc.movie_id=t.id,mc.movie_id=mk.movie_id,t.id=mk.movie_id,mk.keyword_id=k.id#cn.country_code,=,'[de]',k.keyword,=,'character-name-in-title'#7834
company_name cn,movie_companies mc,title t,movie_keyword mk,keyword k#cn.id=mc.company_id,mc.movie_id=t.id,mc.movie_id=mk.movie_id,t.id=mk.movie_id,mk.keyword_id=k.id#cn.country_code,=,'[nl]',k.keyword,=,'character-name-in-title'#5228
company_name cn,movie_companies mc,title t,movie_keyword mk,keyword k#cn.id=mc.company_id,mc.movie_id=t.id,mc.movie_id=mk.movie_id,t.id=mk.movie_id,mk.keyword_id=k.id#cn.country_code,=,'[sm]',k.keyword,=,'character-name-in-title'#0
company_name cn,movie_companies mc,title t,movie_keyword mk,keyword k#cn.id=mc.company_id,mc.movie_id=t.id,mc.movie_id=mk.movie_id,t.id=mk.movie_id,mk.keyword_id=k.id#cn.country_code,=,'[us]',k.keyword,=,'character-name-in-title'#68316
complete_cast cc,title t,movie_info_idx mi_idx,movie_info mi,movie_keyword mk,keyword k,comp_cast_type cct1,cast_info ci#t.id=mi.movie_id,t.id=mi_idx.movie_id,t.id=ci.movie_id,t.id=mk.movie_id,t.id=cc.movie_id,mi.movie_id=ci.movie_id,mi.movie_id=mi_idx.movie_id,mi.movie_id=mk.movie_id,mi.movie_id=cc.movie_id,mi_idx.movie_id=ci.movie_id,mi_idx.movie_id=mk.movie_id,mi_idx.movie_id=cc.movie_id,ci.movie_id=mk.movie_id,ci.movie_id=cc.movie_id,mk.movie_id=cc.movie_id,mk.keyword_id=k.id,cc.subject_id=cct1.id#t.production_year,>,2000,mi.info,IN,"('Horror','Thriller')",k.keyword,IN,"('murder','violence','blood','gore','death','female-nudity','hospital')",cct1.kind,IN,"('cast','crew')",ci.note,IN,"('(writer)','(head writer)','(written by)','(story)','(story editor)')"#10488
complete_cast cc,title t,movie_info_idx mi_idx,movie_info mi,movie_keyword mk,keyword k,comp_cast_type cct1,cast_info ci#t.id=mi.movie_id,t.id=mi_idx.movie_id,t.id=ci.movie_id,t.id=mk.movie_id,t.id=cc.movie_id,mi.movie_id=ci.movie_id,mi.movie_id=mi_idx.movie_id,mi.movie_id=mk.movie_id,mi.movie_id=cc.movie_id,mi_idx.movie_id=ci.movie_id,mi_idx.movie_id=mk.movie_id,mi_idx.movie_id=cc.movie_id,ci.movie_id=mk.movie_id,ci.movie_id=cc.movie_id,mk.movie_id=cc.movie_id,mk.keyword_id=k.id,cc.subject_id=cct1.id#t.production_year,>,2000,mi.info,IN,"('Horror','Thriller')",k.keyword,IN,"('murder','violence','blood','gore','death','female-nudity','hospital')",cct1.kind,IN,"('cast','crew')",ci.note,IN,"('(writer)','(head writer)','(written by)','(story)','(story editor)')"#10488
complete_cast cc,title t,movie_info_idx mi_idx,movie_info mi,movie_keyword mk,keyword k,comp_cast_type cct1,cast_info ci#t.id=mi.movie_id,t.id=mi_idx.movie_id,t.id=ci.movie_id,t.id=mk.movie_id,t.id=cc.movie_id,mi.movie_id=ci.movie_id,mi.movie_id=mi_idx.movie_id,mi.movie_id=mk.movie_id,mi.movie_id=cc.movie_id,mi_idx.movie_id=ci.movie_id,mi_idx.movie_id=mk.movie_id,mi_idx.movie_id=cc.movie_id,ci.movie_id=mk.movie_id,ci.movie_id=cc.movie_id,mk.movie_id=cc.movie_id,mk.keyword_id=k.id,cc.subject_id=cct1.id#mi.info,IN,"('Horror','Action','Sci-Fi','Thriller','Crime','War')",k.keyword,IN,"('murder','violence','blood','gore','death','female-nudity','hospital')",cct1.kind,=,'cast',ci.note,IN,"('(writer)','(head writer)','(written by)','(story)','(story editor)')"#77001
company_name cn,movie_companies mc,title t,movie_info_idx mi_idx,movie_info mi,movie_keyword mk,keyword k,cast_info ci#t.id=mi.movie_id,t.id=mi_idx.movie_id,t.id=ci.movie_id,t.id=mk.movie_id,t.id=mc.movie_id,mi.movie_id=ci.movie_id,mi.movie_id=mi_idx.movie_id,mi.movie_id=mk.movie_id,mi.movie_id=mc.movie_id,mi_idx.movie_id=ci.movie_id,mi_idx.movie_id=mk.movie_id,mi_idx.movie_id=mc.movie_id,ci.movie_id=mk.movie_id,ci.movie_id=mc.movie_id,mk.movie_id=mc.movie_id,mk.keyword_id=k.id,mc.company_id=cn.id#cn.name,LIKE,'Lionsgate%',mi.info,IN,"('Horror','Thriller')",k.keyword,IN,"('murder','violence','blood','gore','death','female-nudity','hospital')",ci.note,IN,"('(writer)','(head writer)','(written by)','(story)','(story editor)')"#4914
company_name cn,movie_companies mc,title t,movie_info_idx mi_idx,movie_info mi,movie_keyword mk,keyword k,cast_info ci#t.id=mi.movie_id,t.id=mi_idx.movie_id,t.id=ci.movie_id,t.id=mk.movie_id,t.id=mc.movie_id,mi.movie_id=ci.movie_id,mi.movie_id=mi_idx.movie_id,mi.movie_id=mk.movie_id,mi.movie_id=mc.movie_id,mi_idx.movie_id=ci.movie_id,mi_idx.movie_id=mk.movie_id,mi_idx.movie_id=mc.movie_id,ci.movie_id=mk.movie_id,ci.movie_id=mc.movie_id,mk.movie_id=mc.movie_id,mk.keyword_id=k.id,mc.company_id=cn.id#cn.name,LIKE,'Lionsgate%',mc.note,LIKE,'%(Blu-ray)%',t.production_year,>,2000,mi.info,IN,"('Horror','Thriller')",k.keyword,IN,"('murder','violence','blood','gore','death','female-nudity','hospital')",ci.note,IN,"('(writer)','(head writer)','(written by)','(story)','(story editor)')"#534
company_name cn,movie_companies mc,title t,movie_info_idx mi_idx,movie_info mi,movie_keyword mk,keyword k,cast_info ci#t.id=mi.movie_id,t.id=mi_idx.movie_id,t.id=ci.movie_id,t.id=mk.movie_id,t.id=mc.movie_id,mi.movie_id=ci.movie_id,mi.movie_id=mi_idx.movie_id,mi.movie_id=mk.movie_id,mi.movie_id=mc.movie_id,mi_idx.movie_id=ci.movie_id,mi_idx.movie_id=mk.movie_id,mi_idx.movie_id=mc.movie_id,ci.movie_id=mk.movie_id,ci.movie_id=mc.movie_id,mk.movie_id=mc.movie_id,mk.keyword_id=k.id,mc.company_id=cn.id#cn.name,LIKE,'Lionsgate%',mi.info,IN,"('Horror','Action','Sci-Fi','Thriller','Crime','War')",k.keyword,IN,"('murder','violence','blood','gore','death','female-nudity','hospital')",ci.note,IN,"('(writer)','(head writer)','(written by)','(story)','(story editor)')"#9205
movie_keyword mk,title t1,keyword k,link_type lt,movie_link ml#mk.keyword_id=k.id,mk.movie_id=t1.id,t1.id=ml.movie_id,ml.link_type_id=lt.id#k.keyword,=,"'10,000-mile-club'"#0
movie_keyword mk,title t1,keyword k,link_type lt,movie_link ml#mk.keyword_id=k.id,mk.movie_id=t1.id,t1.id=ml.movie_id,ml.link_type_id=lt.id#k.keyword,=,'character-name-in-title'#4388
kind_type kt1,company_name cn1,movie_link ml,movie_companies mc1,info_type it1,title t1,movie_info_idx mi_idx1,link_type lt#lt.id=ml.link_type_id,ml.movie_id=t1.id,ml.movie_id=mi_idx1.movie_id,ml.movie_id=mc1.movie_id,t1.id=mi_idx1.movie_id,t1.kind_id=kt1.id,t1.id=mc1.movie_id,it1.id=mi_idx1.info_type_id,mi_idx1.movie_id=mc1.movie_id,cn1.id=mc1.company_id#kt1.kind,IN,"('tv series')",cn1.country_code,=,'[us]',it1.info,=,'rating',lt.link,IN,"('sequel','follows','followed by')"#1849
kind_type kt1,company_name cn1,movie_link ml,movie_companies mc1,info_type it1,title t1,movie_info_idx mi_idx1,link_type lt#lt.id=ml.link_type_id,ml.movie_id=t1.id,ml.movie_id=mi_idx1.movie_id,ml.movie_id=mc1.movie_id,t1.id=mi_idx1.movie_id,t1.kind_id=kt1.id,t1.id=mc1.movie_id,it1.id=mi_idx1.info_type_id,mi_idx1.movie_id=mc1.movie_id,cn1.id=mc1.company_id#kt1.kind,IN,"('tv series')",cn1.country_code,=,'[nl]',it1.info,=,'rating',lt.link,LIKE,'%follow%'#393
kind_type kt1,company_name cn1,movie_link ml,movie_companies mc1,info_type it1,title t1,movie_info_idx mi_idx1,link_type lt#lt.id=ml.link_type_id,ml.movie_id=t1.id,ml.movie_id=mi_idx1.movie_id,ml.movie_id=mc1.movie_id,t1.id=mi_idx1.movie_id,t1.kind_id=kt1.id,t1.id=mc1.movie_id,it1.id=mi_idx1.info_type_id,mi_idx1.movie_id=mc1.movie_id,cn1.id=mc1.company_id#kt1.kind,IN,"('tv series','episode')",cn1.country_code,!=,'[us]',it1.info,=,'rating',lt.link,IN,"('sequel','follows','followed by')"#7279
title t,movie_info mi,movie_keyword mk,keyword k#t.id=mi.movie_id,t.id=mk.movie_id,mi.movie_id=mk.movie_id,mk.keyword_id=k.id#t.production_year,>,2005,mi.info,IN,"('Sweden','Norway','Germany','Denmark','Swedish','Denish','Norwegian','German')",k.keyword,LIKE,'%sequel%'#206
title t,movie_info mi,movie_keyword mk,keyword k#t.id=mi.movie_id,t.id=mk.movie_id,mi.movie_id=mk.movie_id,mk.keyword_id=k.id#t.production_year,>,2010,mi.info,IN,"('Bulgaria')",k.keyword,LIKE,'%sequel%'#5
title t,movie_info mi,movie_keyword mk,keyword k#t.id=mi.movie_id,t.id=mk.movie_id,mi.movie_id=mk.movie_id,mk.keyword_id=k.id#t.production_year,>,1990,mi.info,IN,"('Sweden','Norway','Germany','Denmark','Swedish','Denish','Norwegian','German','USA','American')",k.keyword,LIKE,'%sequel%'#7250
info_type it,title t,movie_info_idx mi_idx,movie_keyword mk,keyword k#t.id=mi_idx.movie_id,t.id=mk.movie_id,mi_idx.movie_id=mk.movie_id,mi_idx.info_type_id=it.id,mk.keyword_id=k.id#it.info,=,'rating',t.production_year,>,2005,mi_idx.info,>,'5.0',k.keyword,LIKE,'%sequel%'#740
info_type it,title t,movie_info_idx mi_idx,movie_keyword mk,keyword k#t.id=mi_idx.movie_id,t.id=mk.movie_id,mi_idx.movie_id=mk.movie_id,mi_idx.info_type_id=it.id,mk.keyword_id=k.id#it.info,=,'rating',t.production_year,>,2010,mi_idx.info,>,'9.0',k.keyword,LIKE,'%sequel%'#6
info_type it,title t,movie_info_idx mi_idx,movie_keyword mk,keyword k#t.id=mi_idx.movie_id,t.id=mk.movie_id,mi_idx.movie_id=mk.movie_id,mi_idx.info_type_id=it.id,mk.keyword_id=k.id#it.info,=,'rating',t.production_year,>,1990,mi_idx.info,>,'2.0',k.keyword,LIKE,'%sequel%'#4700
title t,movie_info mi,company_type ct,movie_companies mc#t.id=mi.movie_id,t.id=mc.movie_id,mi.movie_id=mc.movie_id,mc.company_type_id=ct.id#t.production_year,>,2005,mi.info,IN,"('Sweden','Norway','Germany','Denmark','Swedish','Denish','Norwegian','German')",ct.kind,=,'production companies',mc.note,LIKE,'%(theatrical)%',mc.note,LIKE,'%(France)%'#0
title t,movie_info mi,company_type ct,movie_companies mc#t.id=mi.movie_id,t.id=mc.movie_id,mi.movie_id=mc.movie_id,mc.company_type_id=ct.id#t.production_year,>,2010,mi.info,IN,"('USA','America')",ct.kind,=,'production companies',mc.note,LIKE,'%(VHS)%',mc.note,LIKE,'%(USA)%',mc.note,LIKE,'%(1994)%'#0
title t,movie_info mi,company_type ct,movie_companies mc#t.id=mi.movie_id,t.id=mc.movie_id,mi.movie_id=mc.movie_id,mc.company_type_id=ct.id#t.production_year,>,1990,mi.info,IN,"('Sweden','Norway','Germany','Denmark','Swedish','Denish','Norwegian','German','USA','American')",ct.kind,=,'production companies',mc.note,NOT_LIKE,'%(TV)%',mc.note,LIKE,'%(USA)%'#669
cast_info ci,movie_keyword mk,title t,keyword k#k.id=mk.keyword_id,mk.movie_id=t.id,mk.movie_id=ci.movie_id,t.id=ci.movie_id#t.production_year,>,2010,k.keyword,=,'marvel-cinematic-universe'#1224
cast_info ci,movie_keyword mk,title t,keyword k#k.id=mk.keyword_id,mk.movie_id=t.id,mk.movie_id=ci.movie_id,t.id=ci.movie_id#t.production_year,>,2014,k.keyword,IN,"('superhero','sequel','second-part','marvel-comics','based-on-comic','tv-special','fight','violence')"#383
cast_info ci,movie_keyword mk,title t,keyword k#k.id=mk.keyword_id,mk.movie_id=t.id,mk.movie_id=ci.movie_id,t.id=ci.movie_id#t.production_year,>,2014,k.keyword,=,'marvel-cinematic-universe'#33
cast_info ci,movie_keyword mk,title t,keyword k#k.id=mk.keyword_id,mk.movie_id=t.id,mk.movie_id=ci.movie_id,t.id=ci.movie_id#t.production_year,>,2000,k.keyword,IN,"('superhero','sequel','second-part','marvel-comics','based-on-comic','tv-special','fight','violence')"#785477
cast_info ci,movie_keyword mk,title t,keyword k#k.id=mk.keyword_id,mk.movie_id=t.id,mk.movie_id=ci.movie_id,t.id=ci.movie_id#t.production_year,>,2000,k.keyword,=,'marvel-cinematic-universe'#1224
cast_info ci,movie_keyword mk,title t,keyword k#k.id=mk.keyword_id,mk.movie_id=t.id,mk.movie_id=ci.movie_id,t.id=ci.movie_id#t.production_year,>,2000,k.keyword,IN,"('superhero','sequel','second-part','marvel-comics','based-on-comic','tv-special','fight','violence')"#785477
cast_info ci,title t#ci.movie_id=t.id#t.production_year,>=,1980,t.production_year,<=,1995#5255691
cast_info ci,title t#ci.movie_id=t.id#t.production_year,>=,1980,t.production_year,<=,1984#1162163
cast_info ci,title t#ci.movie_id=t.id#t.production_year,>=,1980,t.production_year,<=,2010#23942001
cast_info ci,title t,company_name cn,movie_companies mc#ci.movie_id=t.id,ci.movie_id=mc.movie_id,t.id=mc.movie_id,mc.company_id=cn.id#ci.note,=,'(voice: English version)',cn.country_code,=,'[jp]',mc.note,LIKE,'%(Japan)%',mc.note,NOT_LIKE,'%(USA)%'#19600
cast_info ci,title t,company_name cn,movie_companies mc#ci.movie_id=t.id,ci.movie_id=mc.movie_id,t.id=mc.movie_id,mc.company_id=cn.id#ci.note,=,'(voice: English version)',t.production_year,>=,2006,t.production_year,<=,2007,cn.country_code,=,'[jp]',mc.note,LIKE,'%(Japan)%',mc.note,NOT_LIKE,'%(USA)%'#2759
cast_info ci,title t,company_name cn,movie_companies mc#ci.movie_id=t.id,ci.movie_id=mc.movie_id,t.id=mc.movie_id,mc.company_id=cn.id#cn.country_code,=,'[us]'#32289229
cast_info ci,title t,company_name cn,movie_companies mc#ci.movie_id=t.id,ci.movie_id=mc.movie_id,t.id=mc.movie_id,mc.company_id=cn.id#cn.country_code,=,'[us]'#32289229
cast_info ci,title t,company_name cn,movie_companies mc#ci.movie_id=t.id,ci.movie_id=mc.movie_id,t.id=mc.movie_id,mc.company_id=cn.id#ci.note,IN,"('(voice)','(voice: Japanese version)','(voice) (uncredited)','(voice: English version)')",t.production_year,>=,2005,t.production_year,<=,2015,cn.country_code,=,'[us]',mc.note,IS_NOT_NULL,None#140443
cast_info ci,title t,company_name cn,movie_companies mc#ci.movie_id=t.id,ci.movie_id=mc.movie_id,t.id=mc.movie_id,mc.company_id=cn.id#ci.note,=,'(voice)',t.production_year,>=,2007,t.production_year,<=,2010,cn.country_code,=,'[us]',mc.note,LIKE,'%(200%)%'#34831
cast_info ci,title t,company_name cn,movie_companies mc#ci.movie_id=t.id,ci.movie_id=mc.movie_id,t.id=mc.movie_id,mc.company_id=cn.id#ci.note,IN,"('(voice)','(voice: Japanese version)','(voice) (uncredited)','(voice: English version)')",cn.country_code,=,'[us]'#671694
cast_info ci,title t,company_name cn,movie_companies mc#ci.movie_id=t.id,ci.movie_id=mc.movie_id,t.id=mc.movie_id,mc.company_id=cn.id#ci.note,IN,"('(voice)','(voice: Japanese version)','(voice) (uncredited)','(voice: English version)')",cn.country_code,=,'[us]'#671694
